Name,Family
name,family
Hector,Kemp
Giacomo,Mullen
Mara,Wilkins
Hasad,Nelson
Shay,Puckett
Kyle,Burton
Wylie,Ball
Gareth,Boyer
Shaine,Oneal
Kaseem,Mitchell
Molly,Summers
Graiden,Odonnell
Xavier,Mcdonald
Herrod,Hoffman
Holly,Alexander
Brody,Lambert
Merritt,Russo
Shelby,Bowen
Philip,Orr
Carly,Chase
Yuli,Crosby
Linus,Phillips
Isabelle,Huber
Matthew,Le
Kylan,Green
Zorita,Crawford
Jaime,Roberson
Jermaine,Romero
Hamilton,Santiago
Nell,Hughes
Peter,Alexander
Kato,Holmes
Kyle,Vaughn
Simone,Rutledge
September,Mccray
Brynn,Noel
Rafael,Espinoza
Emily,Houston
Joshua,Rowland
Emerson,Roberts
Wynter,Fuentes
Jillian,Blevins
Rigel,Miranda
Colette,Mcclain
Axel,Kinney
Dean,Hoffman
Trevor,Marshall
Barry,Sykes
Ethan,Logan
Kelsey,Mendoza
Colorado,Noel
India,Witt
Hillary,Pennington
Kiayada,Ewing
Melissa,Curtis
Bianca,Fischer
Gage,Blevins
Liberty,Alvarez
Emily,Bruce
Anthony,Dennis
Elvis,Parker
Fatima,Sawyer
Justin,Rivas
Cassidy,Norris
Charlotte,Riley
Melvin,Dickson
Shad,Jacobson
Fiona,Garrett
Otto,Miranda
Joan,Ayers
Raya,Wyatt
Luke,Barron
Nayda,Weiss
Odette,Walters
Joshua,Hodge
Chiquita,Wooten
Walter,Santana
Ursa,Duke
Ryan,Kelley
Porter,Harrington
Solomon,Espinoza
Brenden,Knight
Victor,Travis
Sheila,Morse
Yetta,Diaz
Mia,Caldwell
Donovan,Harding
Nina,Benson
Hedley,Slater
Quin,Sanford
Vincent,Blair
Donovan,Randall
Germaine,Melendez
Xena,Keith
Ora,Lloyd
Cleo,Nicholson
Jemima,Harper
Thor,Carey
Jerry,Skinner
Lana,Kinney
name,family
Hector,Kemp
Giacomo,Mullen
Mara,Wilkins
Hasad,Nelson
Shay,Puckett
Kyle,Burton
Wylie,Ball
Gareth,Boyer
Shaine,Oneal
Kaseem,Mitchell
Molly,Summers
Graiden,Odonnell
Xavier,Mcdonald
Herrod,Hoffman
Holly,Alexander
Brody,Lambert
Merritt,Russo
Shelby,Bowen
Philip,Orr
Carly,Chase
Yuli,Crosby
Linus,Phillips
Isabelle,Huber
Matthew,Le
Kylan,Green
Zorita,Crawford
Jaime,Roberson
Jermaine,Romero
Hamilton,Santiago
Nell,Hughes
Peter,Alexander
Kato,Holmes
Kyle,Vaughn
Simone,Rutledge
September,Mccray
Brynn,Noel
Rafael,Espinoza
Emily,Houston
Joshua,Rowland
Emerson,Roberts
Wynter,Fuentes
Jillian,Blevins
Rigel,Miranda
Colette,Mcclain
Axel,Kinney
Dean,Hoffman
Trevor,Marshall
Barry,Sykes
Ethan,Logan
Kelsey,Mendoza
Colorado,Noel
India,Witt
Hillary,Pennington
Kiayada,Ewing
Melissa,Curtis
Bianca,Fischer
Gage,Blevins
Liberty,Alvarez
Emily,Bruce
Anthony,Dennis
Elvis,Parker
Fatima,Sawyer
Justin,Rivas
Cassidy,Norris
Charlotte,Riley
Melvin,Dickson
Shad,Jacobson
Fiona,Garrett
Otto,Miranda
Joan,Ayers
Raya,Wyatt
Luke,Barron
Nayda,Weiss
Odette,Walters
Joshua,Hodge
Chiquita,Wooten
Walter,Santana
Ursa,Duke
Ryan,Kelley
Porter,Harrington
Solomon,Espinoza
Brenden,Knight
Victor,Travis
Sheila,Morse
Yetta,Diaz
Mia,Caldwell
Donovan,Harding
Nina,Benson
Hedley,Slater
Quin,Sanford
Vincent,Blair
Donovan,Randall
Germaine,Melendez
Xena,Keith
Ora,Lloyd
Cleo,Nicholson
Jemima,Harper
Thor,Carey
Jerry,Skinner
Lana,Kinney
name,family
Hector,Kemp
Giacomo,Mullen
Mara,Wilkins
Hasad,Nelson
Shay,Puckett
Kyle,Burton
Wylie,Ball
Gareth,Boyer
Shaine,Oneal
Kaseem,Mitchell
Molly,Summers
Graiden,Odonnell
Xavier,Mcdonald
Herrod,Hoffman
Holly,Alexander
Brody,Lambert
Merritt,Russo
Shelby,Bowen
Philip,Orr
Carly,Chase
Yuli,Crosby
Linus,Phillips
Isabelle,Huber
Matthew,Le
Kylan,Green
Zorita,Crawford
Jaime,Roberson
Jermaine,Romero
Hamilton,Santiago
Nell,Hughes
Peter,Alexander
Kato,Holmes
Kyle,Vaughn
Simone,Rutledge
September,Mccray
Brynn,Noel
Rafael,Espinoza
Emily,Houston
Joshua,Rowland
Emerson,Roberts
Wynter,Fuentes
Jillian,Blevins
Rigel,Miranda
Colette,Mcclain
Axel,Kinney
Dean,Hoffman
Trevor,Marshall
Barry,Sykes
Ethan,Logan
Kelsey,Mendoza
Colorado,Noel
India,Witt
Hillary,Pennington
Kiayada,Ewing
Melissa,Curtis
Bianca,Fischer
Gage,Blevins
Liberty,Alvarez
Emily,Bruce
Anthony,Dennis
Elvis,Parker
Fatima,Sawyer
Justin,Rivas
Cassidy,Norris
Charlotte,Riley
Melvin,Dickson
Shad,Jacobson
Fiona,Garrett
Otto,Miranda
Joan,Ayers
Raya,Wyatt
Luke,Barron
Nayda,Weiss
Odette,Walters
Joshua,Hodge
Chiquita,Wooten
Walter,Santana
Ursa,Duke
Ryan,Kelley
Porter,Harrington
Solomon,Espinoza
Brenden,Knight
Victor,Travis
Sheila,Morse
Yetta,Diaz
Mia,Caldwell
Donovan,Harding
Nina,Benson
Hedley,Slater
Quin,Sanford
Vincent,Blair
Donovan,Randall
Germaine,Melendez
Xena,Keith
Ora,Lloyd
Cleo,Nicholson
Jemima,Harper
Thor,Carey
Jerry,Skinner
Lana,Kinney
name,family
Hector,Kemp
Giacomo,Mullen
Mara,Wilkins
Hasad,Nelson
Shay,Puckett
Kyle,Burton
Wylie,Ball
Gareth,Boyer
Shaine,Oneal
Kaseem,Mitchell
Molly,Summers
Graiden,Odonnell
Xavier,Mcdonald
Herrod,Hoffman
Holly,Alexander
Brody,Lambert
Merritt,Russo
Shelby,Bowen
Philip,Orr
Carly,Chase
Yuli,Crosby
Linus,Phillips
Isabelle,Huber
Matthew,Le
Kylan,Green
Zorita,Crawford
Jaime,Roberson
Jermaine,Romero
Hamilton,Santiago
Nell,Hughes
Peter,Alexander
Kato,Holmes
Kyle,Vaughn
Simone,Rutledge
September,Mccray
Brynn,Noel
Rafael,Espinoza
Emily,Houston
Joshua,Rowland
Emerson,Roberts
Wynter,Fuentes
Jillian,Blevins
Rigel,Miranda
Colette,Mcclain
Axel,Kinney
Dean,Hoffman
Trevor,Marshall
Barry,Sykes
Ethan,Logan
Kelsey,Mendoza
Colorado,Noel
India,Witt
Hillary,Pennington
Kiayada,Ewing
Melissa,Curtis
Bianca,Fischer
Gage,Blevins
Liberty,Alvarez
Emily,Bruce
Anthony,Dennis
Elvis,Parker
Fatima,Sawyer
Justin,Rivas
Cassidy,Norris
Charlotte,Riley
Melvin,Dickson
Shad,Jacobson
Fiona,Garrett
Otto,Miranda
Joan,Ayers
Raya,Wyatt
Luke,Barron
Nayda,Weiss
Odette,Walters
Joshua,Hodge
Chiquita,Wooten
Walter,Santana
Ursa,Duke
Ryan,Kelley
Porter,Harrington
Solomon,Espinoza
Brenden,Knight
Victor,Travis
Sheila,Morse
Yetta,Diaz
Mia,Caldwell
Donovan,Harding
Nina,Benson
Hedley,Slater
Quin,Sanford
Vincent,Blair
Donovan,Randall
Germaine,Melendez
Xena,Keith
Ora,Lloyd
Cleo,Nicholson
Jemima,Harper
Thor,Carey
Jerry,Skinner
Lana,Kinney
name,family
Hector,Kemp
Giacomo,Mullen
Mara,Wilkins
Hasad,Nelson
Shay,Puckett
Kyle,Burton
Wylie,Ball
Gareth,Boyer
Shaine,Oneal
Kaseem,Mitchell
Molly,Summers
Graiden,Odonnell
Xavier,Mcdonald
Herrod,Hoffman
Holly,Alexander
Brody,Lambert
Merritt,Russo
Shelby,Bowen
Philip,Orr
Carly,Chase
Yuli,Crosby
Linus,Phillips
Isabelle,Huber
Matthew,Le
Kylan,Green
Zorita,Crawford
Jaime,Roberson
Jermaine,Romero
Hamilton,Santiago
Nell,Hughes
Peter,Alexander
Kato,Holmes
Kyle,Vaughn
Simone,Rutledge
September,Mccray
Brynn,Noel
Rafael,Espinoza
Emily,Houston
Joshua,Rowland
Emerson,Roberts
Wynter,Fuentes
Jillian,Blevins
Rigel,Miranda
Colette,Mcclain
Axel,Kinney
Dean,Hoffman
Trevor,Marshall
Barry,Sykes
Ethan,Logan
Kelsey,Mendoza
Colorado,Noel
India,Witt
Hillary,Pennington
Kiayada,Ewing
Melissa,Curtis
Bianca,Fischer
Gage,Blevins
Liberty,Alvarez
Emily,Bruce
Anthony,Dennis
Elvis,Parker
Fatima,Sawyer
Justin,Rivas
Cassidy,Norris
Charlotte,Riley
Melvin,Dickson
Shad,Jacobson
Fiona,Garrett
Otto,Miranda
Joan,Ayers
Raya,Wyatt
Luke,Barron
Nayda,Weiss
Odette,Walters
Joshua,Hodge
Chiquita,Wooten
Walter,Santana
Ursa,Duke
Ryan,Kelley
Porter,Harrington
Solomon,Espinoza
Brenden,Knight
Victor,Travis
Sheila,Morse
Yetta,Diaz
Mia,Caldwell
Donovan,Harding
Nina,Benson
Hedley,Slater
Quin,Sanford
Vincent,Blair
Donovan,Randall
Germaine,Melendez
Xena,Keith
Ora,Lloyd
Cleo,Nicholson
Jemima,Harper
Thor,Carey
Jerry,Skinner
Lana,Kinney
name,family
Hector,Kemp
Giacomo,Mullen
Mara,Wilkins
Hasad,Nelson
Shay,Puckett
Kyle,Burton
Wylie,Ball
Gareth,Boyer
Shaine,Oneal
Kaseem,Mitchell
Molly,Summers
Graiden,Odonnell
Xavier,Mcdonald
Herrod,Hoffman
Holly,Alexander
Brody,Lambert
Merritt,Russo
Shelby,Bowen
Philip,Orr
Carly,Chase
Yuli,Crosby
Linus,Phillips
Isabelle,Huber
Matthew,Le
Kylan,Green
Zorita,Crawford
Jaime,Roberson
Jermaine,Romero
Hamilton,Santiago
Nell,Hughes
Peter,Alexander
Kato,Holmes
Kyle,Vaughn
Simone,Rutledge
September,Mccray
Brynn,Noel
Rafael,Espinoza
Emily,Houston
Joshua,Rowland
Emerson,Roberts
Wynter,Fuentes
Jillian,Blevins
Rigel,Miranda
Colette,Mcclain
Axel,Kinney
Dean,Hoffman
Trevor,Marshall
Barry,Sykes
Ethan,Logan
Kelsey,Mendoza
Colorado,Noel
India,Witt
Hillary,Pennington
Kiayada,Ewing
Melissa,Curtis
Bianca,Fischer
Gage,Blevins
Liberty,Alvarez
Emily,Bruce
Anthony,Dennis
Elvis,Parker
Fatima,Sawyer
Justin,Rivas
Cassidy,Norris
Charlotte,Riley
Melvin,Dickson
Shad,Jacobson
Fiona,Garrett
Otto,Miranda
Joan,Ayers
Raya,Wyatt
Luke,Barron
Nayda,Weiss
Odette,Walters
Joshua,Hodge
Chiquita,Wooten
Walter,Santana
Ursa,Duke
Ryan,Kelley
Porter,Harrington
Solomon,Espinoza
Brenden,Knight
Victor,Travis
Sheila,Morse
Yetta,Diaz
Mia,Caldwell
Donovan,Harding
Nina,Benson
Hedley,Slater
Quin,Sanford
Vincent,Blair
Donovan,Randall
Germaine,Melendez
Xena,Keith
Ora,Lloyd
Cleo,Nicholson
Jemima,Harper
Thor,Carey
Jerry,Skinner
Lana,Kinney
name,family
Hector,Kemp
Giacomo,Mullen
Mara,Wilkins
Hasad,Nelson
Shay,Puckett
Kyle,Burton
Wylie,Ball
Gareth,Boyer
Shaine,Oneal
Kaseem,Mitchell
Molly,Summers
Graiden,Odonnell
Xavier,Mcdonald
Herrod,Hoffman
Holly,Alexander
Brody,Lambert
Merritt,Russo
Shelby,Bowen
Philip,Orr
Carly,Chase
Yuli,Crosby
Linus,Phillips
Isabelle,Huber
Matthew,Le
Kylan,Green
Zorita,Crawford
Jaime,Roberson
Jermaine,Romero
Hamilton,Santiago
Nell,Hughes
Peter,Alexander
Kato,Holmes
Kyle,Vaughn
Simone,Rutledge
September,Mccray
Brynn,Noel
Rafael,Espinoza
Emily,Houston
Joshua,Rowland
Emerson,Roberts
Wynter,Fuentes
Jillian,Blevins
Rigel,Miranda
Colette,Mcclain
Axel,Kinney
Dean,Hoffman
Trevor,Marshall
Barry,Sykes
Ethan,Logan
Kelsey,Mendoza
Colorado,Noel
India,Witt
Hillary,Pennington
Kiayada,Ewing
Melissa,Curtis
Bianca,Fischer
Gage,Blevins
Liberty,Alvarez
Emily,Bruce
Anthony,Dennis
Elvis,Parker
Fatima,Sawyer
Justin,Rivas
Cassidy,Norris
Charlotte,Riley
Melvin,Dickson
Shad,Jacobson
Fiona,Garrett
Otto,Miranda
Joan,Ayers
Raya,Wyatt
Luke,Barron
Nayda,Weiss
Odette,Walters
Joshua,Hodge
Chiquita,Wooten
Walter,Santana
Ursa,Duke
Ryan,Kelley
Porter,Harrington
Solomon,Espinoza
Brenden,Knight
Victor,Travis
Sheila,Morse
Yetta,Diaz
Mia,Caldwell
Donovan,Harding
Nina,Benson
Hedley,Slater
Quin,Sanford
Vincent,Blair
Donovan,Randall
Germaine,Melendez
Xena,Keith
Ora,Lloyd
Cleo,Nicholson
Jemima,Harper
Thor,Carey
Jerry,Skinner
Lana,Kinney
name,family
Hector,Kemp
Giacomo,Mullen
Mara,Wilkins
Hasad,Nelson
Shay,Puckett
Kyle,Burton
Wylie,Ball
Gareth,Boyer
Shaine,Oneal
Kaseem,Mitchell
Molly,Summers
Graiden,Odonnell
Xavier,Mcdonald
Herrod,Hoffman
Holly,Alexander
Brody,Lambert
Merritt,Russo
Shelby,Bowen
Philip,Orr
Carly,Chase
Yuli,Crosby
Linus,Phillips
Isabelle,Huber
Matthew,Le
Kylan,Green
Zorita,Crawford
Jaime,Roberson
Jermaine,Romero
Hamilton,Santiago
Nell,Hughes
Peter,Alexander
Kato,Holmes
Kyle,Vaughn
Simone,Rutledge
September,Mccray
Brynn,Noel
Rafael,Espinoza
Emily,Houston
Joshua,Rowland
Emerson,Roberts
Wynter,Fuentes
Jillian,Blevins
Rigel,Miranda
Colette,Mcclain
Axel,Kinney
Dean,Hoffman
Trevor,Marshall
Barry,Sykes
Ethan,Logan
Kelsey,Mendoza
Colorado,Noel
India,Witt
Hillary,Pennington
Kiayada,Ewing
Melissa,Curtis
Bianca,Fischer
Gage,Blevins
Liberty,Alvarez
Emily,Bruce
Anthony,Dennis
Elvis,Parker
Fatima,Sawyer
Justin,Rivas
Cassidy,Norris
Charlotte,Riley
Melvin,Dickson
Shad,Jacobson
Fiona,Garrett
Otto,Miranda
Joan,Ayers
Raya,Wyatt
Luke,Barron
Nayda,Weiss
Odette,Walters
Joshua,Hodge
Chiquita,Wooten
Walter,Santana
Ursa,Duke
Ryan,Kelley
Porter,Harrington
Solomon,Espinoza
Brenden,Knight
Victor,Travis
Sheila,Morse
Yetta,Diaz
Mia,Caldwell
Donovan,Harding
Nina,Benson
Hedley,Slater
Quin,Sanford
Vincent,Blair
Donovan,Randall
Germaine,Melendez
Xena,Keith
Ora,Lloyd
Cleo,Nicholson
Jemima,Harper
Thor,Carey
Jerry,Skinner
Lana,Kinney
name,family
Hector,Kemp
Giacomo,Mullen
Mara,Wilkins
Hasad,Nelson
Shay,Puckett
Kyle,Burton
Wylie,Ball
Gareth,Boyer
Shaine,Oneal
Kaseem,Mitchell
Molly,Summers
Graiden,Odonnell
Xavier,Mcdonald
Herrod,Hoffman
Holly,Alexander
Brody,Lambert
Merritt,Russo
Shelby,Bowen
Philip,Orr
Carly,Chase
Yuli,Crosby
Linus,Phillips
Isabelle,Huber
Matthew,Le
Kylan,Green
Zorita,Crawford
Jaime,Roberson
Jermaine,Romero
Hamilton,Santiago
Nell,Hughes
Peter,Alexander
Kato,Holmes
Kyle,Vaughn
Simone,Rutledge
September,Mccray
Brynn,Noel
Rafael,Espinoza
Emily,Houston
Joshua,Rowland
Emerson,Roberts
Wynter,Fuentes
Jillian,Blevins
Rigel,Miranda
Colette,Mcclain
Axel,Kinney
Dean,Hoffman
Trevor,Marshall
Barry,Sykes
Ethan,Logan
Kelsey,Mendoza
Colorado,Noel
India,Witt
Hillary,Pennington
Kiayada,Ewing
Melissa,Curtis
Bianca,Fischer
Gage,Blevins
Liberty,Alvarez
Emily,Bruce
Anthony,Dennis
Elvis,Parker
Fatima,Sawyer
Justin,Rivas
Cassidy,Norris
Charlotte,Riley
Melvin,Dickson
Shad,Jacobson
Fiona,Garrett
Otto,Miranda
Joan,Ayers
Raya,Wyatt
Luke,Barron
Nayda,Weiss
Odette,Walters
Joshua,Hodge
Chiquita,Wooten
Walter,Santana
Ursa,Duke
Ryan,Kelley
Porter,Harrington
Solomon,Espinoza
Brenden,Knight
Victor,Travis
Sheila,Morse
Yetta,Diaz
Mia,Caldwell
Donovan,Harding
Nina,Benson
Hedley,Slater
Quin,Sanford
Vincent,Blair
Donovan,Randall
Germaine,Melendez
Xena,Keith
Ora,Lloyd
Cleo,Nicholson
Jemima,Harper
Thor,Carey
Jerry,Skinner
Lana,Kinney
name,family
Hector,Kemp
Giacomo,Mullen
Mara,Wilkins
Hasad,Nelson
Shay,Puckett
Kyle,Burton
Wylie,Ball
Gareth,Boyer
Shaine,Oneal
Kaseem,Mitchell
Molly,Summers
Graiden,Odonnell
Xavier,Mcdonald
Herrod,Hoffman
Holly,Alexander
Brody,Lambert
Merritt,Russo
Shelby,Bowen
Philip,Orr
Carly,Chase
Yuli,Crosby
Linus,Phillips
Isabelle,Huber
Matthew,Le
Kylan,Green
Zorita,Crawford
Jaime,Roberson
Jermaine,Romero
Hamilton,Santiago
Nell,Hughes
Peter,Alexander
Kato,Holmes
Kyle,Vaughn
Simone,Rutledge
September,Mccray
Brynn,Noel
Rafael,Espinoza
Emily,Houston
Joshua,Rowland
Emerson,Roberts
Wynter,Fuentes
Jillian,Blevins
Rigel,Miranda
Colette,Mcclain
Axel,Kinney
Dean,Hoffman
Trevor,Marshall
Barry,Sykes
Ethan,Logan
Kelsey,Mendoza
Colorado,Noel
India,Witt
Hillary,Pennington
Kiayada,Ewing
Melissa,Curtis
Bianca,Fischer
Gage,Blevins
Liberty,Alvarez
Emily,Bruce
Anthony,Dennis
Elvis,Parker
Fatima,Sawyer
Justin,Rivas
Cassidy,Norris
Charlotte,Riley
Melvin,Dickson
Shad,Jacobson
Fiona,Garrett
Otto,Miranda
Joan,Ayers
Raya,Wyatt
Luke,Barron
Nayda,Weiss
Odette,Walters
Joshua,Hodge
Chiquita,Wooten
Walter,Santana
Ursa,Duke
Ryan,Kelley
Porter,Harrington
Solomon,Espinoza
Brenden,Knight
Victor,Travis
Sheila,Morse
Yetta,Diaz
Mia,Caldwell
Donovan,Harding
Nina,Benson
Hedley,Slater
Quin,Sanford
Vincent,Blair
Donovan,Randall
Germaine,Melendez
Xena,Keith
Ora,Lloyd
Cleo,Nicholson
Jemima,Harper
Thor,Carey
Jerry,Skinner
Lana,Kinney